YUPI BOLSA 235ML  24 PACK ,500123,10,107,1,101
BRISA AGUA BOLSA 500ML 18 PACK,500124,10,60,1,57
D'FRUTA SANDIA PET 355ML 12 PACK,500125,10,110,1,100
D'FRUTA MANDARINA PET 355ML 12 PACK ,500126,10,110,1,100
D'FRUTA UVA PET 355ML 12 PACK,500127,10,110,1,100
TOÑIA LATA 350ML 12 PACK ,500128,10,110,1,100
TOÑIA LATON 473ML 12 PACK ,500129,10,110,1,100
ZERO LATA 237ML 12 PACK ,500130,10,141,1,128
ZERO LATA 354ML 12 PACK ,500131,10,235,1,213
FANTA FRESCA LATA 354ML 12 PACK ,500132,10,235,1,213
SPRITE LATA 354ML 12 PACK ,500133,10,235,1,213
FANTA ROJA LATA 354ML 12 PACK ,500134,10,235,1,213
COCA COLA LATA 354ML 12 PACK ,500135,10,235,1,213
FANTA NARANJA LATA 354ML 12 PACK ,500136,10,235,1,213
CANADA DRY VERDE LATA 354ML 12 PACK ,500137,10,235,1,213
CANADA DRY AZUL LATA 354ML 12 PACK ,500138,10,235,1,213
FURY PET 500ML 12 PACK ,500139,10,290,1,263
POWERADE FRUIT PUCH PET 500ML 12 PACK,500140,10,281,1,255
POWERADE BLUEBERRY PET 500ML 12 PACK,500141,10,281,1,255
JOYA PET 1000ML 12 PACK,500142,10,920,1,855
JOYA PET GALON 3780ML 6 PACK,500143,10,740,1,693
JOYA PET 500ML 24 PACK,500144,10,840,1,788
JOYA PET CHATA 360ML 24 PACK,500145,10,500,1,463
RONPLATA VIDRIO 1000ML 12 PACK,500146,10,1400,1,1311
RONPLATA VIDRIO 500ML 24 PACK,500147,10,1280,1,1216
ALPINA AGUA PET 1000ML 12 PACK,500148,10,222,1,202
FUENTE PURA GALON 4 PACK,500521,10,160,1,152
KOLA SHALER PET 443ML 24 PACK,500150,10,540,1,530
KOLA SHALER PET 2000ML 6 PACK,500151,10,280,1,270
ENSA SODA VIDRIO 500ML 23 PACK,500152,10,238,1,221
ALPINA AGUA PET 600ML 12 PACK,500153,10,402,1,365
GATORADE FRUIT PUNCH PET 500ML 24 PACK,500154,10,712,1,676
GATORADE BLUEBERRY PET 500ML 24 PACK,500155,10,712,1,676
GATORADE NARANJA PET 500ML 24 PACK,500156,10,712,1,676
GATORADE UVA PET 500ML 24 PACK,500157,10,712,1,676
COCA NARANJA PET 250ML 12 PACK,500158,10,384,1,349
COCA ROJA PET 250ML 12 PACK,500159,10,384,1,349
COCA VERDE PET 250ML 12 PACK,500160,10,384,1,349
COCA NEGRA PET 500ML 24 PACK,500161,10,444,1,404
COCA NARANJA PET 500ML 24 PACK,500162,10,444,1,404
COCA ROJA PET 500ML 24 PACK,500163,10,444,1,404
COCA VERDE PET 500ML 24 PACK,500164,10,444,1,404
BAMBU NEGRA LATA 355ML 12 PACK,500165,10,171,1,156
BAMBU ROJA LATA 355ML 12 PACK,500166,10,171,1,156
BAMBU VERDE LATA 355ML 12 PACK,500167,10,171,1,156
BAMBU NARANJA LATA 355ML 12 PACK,500168,10,171,1,156
BAMBU TE LATA 355ML 12 PACK,500169,10,170,1,156
HI-C MANZANA TETRA PACK 250ML 12 PACK,500170,10,202,1,183
HI-C UVA TETRA PACK 250ML 12 PACK,500171,10,202,1,183
HI-C PERA TETRA PACK 250ML 12 PACK,500172,10,202,1,183
HI-C TE FRIO TETRA PACK 330ML 12 PACK,500173,10,252,1,229
HI-C FRUIT PUNCH TETRA PACK 250ML 12 PACK,500174,10,202,1,183
DEL VALLE NARANJA PET 500ML 12 PACK,500175,10,204,1,185
DEL VALLE LIMON PET 500ML 12 PACK,500176,10,204,1,185
FUENTE PURA AGUA PET 600ML 12 PACK,500177,10,200,1,181
RAPTOR PET 600ML 12 PACK ,500178,10,300,1,285
RAPTOR PET 300ML 24 PACK ,500179,10,430,1,408
ALPINA AGUA PET 200ML 6 PACK,500180,10,170,1,161
FUENTE PURA AGUA PET 250ML ,500181,10,140,1,135
PRESTO CAFE 80 UNDS,500182,10,185,1,172
1820 CAFE CAJA X 80 UNDS,500183,10,120,1,109
CLASICO CAFE CAJA X 80 UNDS,500184,10,55,1,52
TORO CAFE 20 UNDS,500185,10,130,1,118
CREMORA CAJA X 40 UNDS,500186,10,75,1,64
SELECTO CAFE VERDE 20 UNDS,500187,10,190,1,178
SELECTO CAFE  AMARILLO 20 UNDS,500188,10,165,1,157
TANG NARANJA CAJA X 12 UNDS,500189,10,90,1,84
TANG UVA CAJA X 12 UNDS,500190,10,90,1,84
TANG PIÑA CAJA X 12 UNDS,500191,10,90,1,84
TANG MARACUYA CAJA X 12 UNDS,500192,10,90,1,84
TANG FRESA CAJA X 12 UNDS,500193,10,90,1,84
TANG TE DE LIMON CAJA X 12 UNDS,500194,10,90,1,84
TANG LIMON CAJA X 12 UNDS,500195,10,90,1,84
TANG FRUIT PUNCH CAJA X 12 UNDS,500196,10,90,1,84
NUTRI LETY CAJA 12 UNDS,500197,10,403,1,382
SAZONADOR RES RISTRA 12 UNDS,500198,10,45,1,40
MAGGI CONSOME SABOR Y CCOLOR RISTRA 12 UNDS,500199,10,45,1,40
MAGGI CONSOME POLLO RISTRA 12 UNDS,500200,10,45,1,40
MAGGI CONSOME COSTILLA RISTRA 12 UNDS,500201,10,45,1,40
MAGGI CONSOME CAMARON RISTRA 12 UNDS,500202,10,45,1,40
MAGGI CONSOME DE MI CORAZON RISTRA 12 UNDS,500203,10,45,1,40
SAZONADOR  RISTRA 12 UNDS,500204,10,45,1,40
CANELA MOLIDA RISTRA 12 UNDS ,500205,10,40,1,40
DELISOYA FRESA RISTRA 12 UNDS,500206,10,118,1,40
DELISOYA BLANCA RISTRA 12 UNDS,500207,10,118,1,40
NIDO LECHE PEQUEÑA 12 UNDS,500208,10,128,1,40
DELISOYA 1+ RISTRA 12 UNDS,500209,10,118,1,40
SASA AVENA MOLIDA 10 UNDS,500210,10,48,1,45
SASA PINOLILLO RISTRA 10 UNDS,500211,10,48,1,45
QUAKER AVENA RISTRA 12 UNDS,500212,10,78,1,78
PIMIENTA NEGRA MOLIDA RISTRA X 12 UNDS,500213,10,40,1,37
CHICLIN MENTA BOLSA X 100 UNDS,500214,10,75,1,71
BOMBOM MENTA BOLSA X 24 UNDS,500216,10,58,1,52.5
TIPITIN ROJO BOLSA X 23 UNDS ,500218,10,39,1,37
TIPITIN CEREZITA BOLSA X 23 UNDS ,500219,10,39,1,37
CICHICLIN SURTIDO BOLSA X 100 UNDS,500220,10,75,1,71
GELATINA SURTIDA BOLSA X 100 UNDS,500221,10,100,1,97
NUNCITA CAJA X 18 UNDS,500222,10,39,1,35
CLORETS CICHLES CAJA X 60 UNDS,500223,10,85,1,75
OREO GALLETA 12 PACK,500224,10,88,1,82
MANTEQUILLA GALLETA 12 PACK,500225,10,88,1,82
WAFFLE GALLETA 12 PACK,500226,10,55,1,50
CHIKI GALLETA 12 PACK,500227,10,88,1,82
CLUB SOCIAL GALLETA 9 PACK,500228,10,45,1,40
CHOCO MAD GALLETA 12 PACK,500229,10,88,1,84
CREMA GALLETA 12 PACK,500230,10,39,1,32
CLUB MAX GALLETA 12 PACK ,500231,10,40,1,37
RITZ GALLETA CON QUESO 12 PACK ,500232,10,98,1,92
RITZ GALLETA SIN QUESO 12 PACK ,500233,10,68,1,62
POZUELO GALLETA SODA 8 PACK,500234,10,32,1,28
PICNIC GALLETA 12 PACK,500235,10,40,1,35
MARFIL VERDE 1200G CAJA,500236,10,400,1,375
MARFIL BLANCO 1200G CAJA,500237,10,400,1,375
MARFIL TRANSPARANTE 1200G CAJA,500238,10,400,1,375
MARFIL ROSADO 1200G CAJA,500239,10,400,1,375
MARFIL MORADO 1200G CAJA,500240,10,400,1,375
PROTEX JABON 110G 12 PACK,500241,10,270,1,255
PALMOLIBE JABOM OPTIM 150G 12 PACK,500242,10,300,1,280
XEDEX DETERGENTE AZUL 400G 12 PACK,500243,10,300,1,264
ESPUMIL DETERGENTE VERDE BOLSON,500244,10,580,1,550
COLGATE PASTA DENTAL 75 MG 12 PACK,500245,10,430,1,415
NEVAX PAPEL HIGIENICO ROSADO 100H BOLSON,500246,10,680,1,650
HEAD & SHOULDERS SHAMPO 28 PACK,500247,10,135,1,115
PANTENE CREMA CABELLO 28 PACK,500248,10,135,1,115
HEAD & SHOULDERS SHAMPO VERDE 28 PACK,500249,10,135,1,115
RINSO JABON TRASTES DISCO 90G 12 PACK,500250,10,60,1,55
RINSO JABON TRASTES TACO VERDE 320G 12 PACK,500251,10,315,1,305
SUAVITEL CELESTE 800ML 12 PACK,500252,10,95,1,85
AZISTIN LAVANDA 800ML 12 PACK,500253,10,95,1,85
FAMILY TOALLA 80 UNDS 12 PACK,500254,10,660,1,624
AZISTIN BOTELLA 450ML 12 PACK,500255,10,444,1,624
COTEX TOALLA INTIMA MANZANILLA 10 UNDS 12 PACK,500256,10,330,1,310
COTEX TOALLA INTIMA ALA MANZANILLA 10 UNDS 12 PACK,500257,10,330,1,310
COTEX ESENCIAL SIN ALA 12 PACK,500258,10,300,1,280
COTEX ESENCIAL CON ALA 12 PACK,500259,10,300,1,280
JUEGUITOS PAMPER XG BOLSON,500260,10,290,1,275
JUEGUITOS PAMPER M BOLSON,500261,10,290,1,275
JUEGUITOS PAMPER XXG BOLSON,500262,10,290,1,275
JUEGUITOS PAMPER G BOLSON,500263,10,290,1,275
HUGGIES PAMPER VERDE XG BOLSON,500264,10,518,1,504
HUGGIES PAMPER VERDE G BOLSON,500265,10,518,1,504
HUGGIES PAMPER VERDE M BOLSON,500266,10,518,1,504
HUGGIES PAMPER VERDE XXG BOLSON,500267,10,518,1,504
TRIGO Y MIEL CEREAL 200G 12 PACK,500268,10,670,1,648
KELOGS CEREAL 150G 12 PACK,500269,10,540,1,520
AGUILA FOSFORO 50 PACK,500270,10,75,1,67
MAGIC CANDELAS 12 PACK,500271,10,34,1,31
PHILIPS BUJIAS 100W 12 PACK,500272,10,185,1,180